{"cameraMode":{"drawMode":0,"name":"Shaded","section":"Shading Mode"},"sceneLighting":false,"audioPlay":false,"sceneViewState":{"m_AlwaysRefresh":false,"showFog":true,"showSkybox":false,"showFlares":true,"showImageEffects":true,"showParticleSystems":true,"showVisualEffectGraphs":true,"m_FxEnabled":true},"in2DMode":false,"pivot":{"x":-0.023612380027770997,"y":0.8994476199150086,"z":0.0000021457672119140627},"rotation":{"x":0.0008436807547695935,"y":0.9999063014984131,"z":-0.022681448608636857,"w":-0.011752327904105187},"size":2.6382997035980226,"orthographic":false}