{"cameraMode":{"drawMode":0,"name":"Shaded","section":"Shading Mode"},"sceneLighting":false,"audioPlay":false,"sceneViewState":{"m_AlwaysRefresh":false,"showFog":true,"showSkybox":false,"showFlares":true,"showImageEffects":true,"showParticleSystems":true,"showVisualEffectGraphs":true,"m_FxEnabled":true},"in2DMode":false,"pivot":{"x":4.440925121307373,"y":0.7894344329833984,"z":0.140472412109375},"rotation":{"x":-0.05107441544532776,"y":-0.7140082120895386,"z":0.052371278405189517,"w":-0.6963068842887878},"size":1.6390467882156373,"orthographic":false}