{"cameraMode":{"drawMode":0,"name":"Shaded","section":"Shading Mode"},"sceneLighting":false,"audioPlay":false,"sceneViewState":{"m_AlwaysRefresh":false,"showFog":true,"showSkybox":false,"showFlares":true,"showImageEffects":true,"showParticleSystems":true,"showVisualEffectGraphs":true,"m_FxEnabled":true},"in2DMode":false,"pivot":{"x":4.440925121307373,"y":0.7894344329833984,"z":0.140472412109375},"rotation":{"x":0.35475707054138186,"y":0.047653913497924808,"z":-0.01810828596353531,"w":0.9335699677467346},"size":1.3718684911727906,"orthographic":false}