{"cameraMode":{"drawMode":0,"name":"Shaded","section":"Shading Mode"},"sceneLighting":false,"audioPlay":false,"sceneViewState":{"m_AlwaysRefresh":false,"showFog":true,"showSkybox":false,"showFlares":true,"showImageEffects":true,"showParticleSystems":true,"showVisualEffectGraphs":true,"m_FxEnabled":true},"in2DMode":false,"pivot":{"x":1.3176488876342774,"y":-0.0634075403213501,"z":0.04472017288208008},"rotation":{"x":0.44881942868232729,"y":-0.0921991840004921,"z":0.046619392931461337,"w":0.8876301050186157},"size":0.9117918014526367,"orthographic":false}