{"cameraMode":{"drawMode":0,"name":"Shaded","section":"Shading Mode"},"sceneLighting":false,"audioPlay":false,"sceneViewState":{"m_AlwaysRefresh":false,"showFog":true,"showSkybox":false,"showFlares":true,"showImageEffects":true,"showParticleSystems":true,"showVisualEffectGraphs":true,"m_FxEnabled":true},"in2DMode":false,"pivot":{"x":0.2071343958377838,"y":0.4913768768310547,"z":-3.084404230117798},"rotation":{"x":-0.009911934845149517,"y":-0.984197735786438,"z":0.16751667857170106,"w":-0.057618360966444018},"size":0.8807159066200256,"orthographic":false}